slope,intercept
-2.032684736,107.4091861
